date,touch_time_sgt,touch_type,level,touch_price,session,sgt_hour,broke_out,pullback_before_bo_pips,max_pullback_pips,reward_pips,rr_ratio
2024-04-03,2024-04-03 03:00,PDH,2297.9,2300.2,Asian,3,True,60.0,122.0,113.0,1.88
2024-04-04,2024-04-04 00:00,PDH,2309.2,2316.0,Asian,0,True,80.0,80.0,156.0,1.95
2024-04-05,2024-04-05 02:00,PDH,2324.8,2325.3,Asian,2,True,386.0,386.0,232.0,0.6
2024-04-05,2024-04-05 03:00,PDL,2301.2,2298.7,Asian,3,True,230.0,468.0,150.0,0.65
2024-04-06,2024-04-06 00:00,PDH,2348.0,2349.0,Asian,0,True,65.0,83.0,20.0,0.31
2024-04-08,2024-04-08 06:00,PDL,2339.7,2323.1,Asian,6,True,84.0,328.0,180.0,2.14
2024-04-08,2024-04-08 10:00,PDH,2350.0,2372.5,Pre-London,10,True,95.0,132.0,225.0,2.37
2024-04-09,2024-04-09 15:00,PDH,2372.5,2376.0,London,15,True,96.0,155.0,120.0,1.25
2024-04-10,2024-04-10 21:00,PDL,2344.6,2337.1,New York,21,True,135.0,264.0,75.0,0.56
2024-04-12,2024-04-12 00:00,PDH,2365.2,2368.5,Asian,0,True,50.0,50.0,836.0,16.72
2024-04-13,2024-04-13 02:00,PDL,2360.2,2352.1,Asian,2,True,134.0,134.0,96.0,0.72
2024-04-15,2024-04-15 22:00,PDL,2350.6,2340.2,New York,22,True,184.0,187.0,104.0,0.57
2024-04-16,2024-04-16 02:00,PDH,2389.6,2395.0,Asian,2,True,92.0,104.0,202.0,2.2
2024-04-17,2024-04-17 00:00,PDH,2409.8,2414.8,Asian,0,True,77.0,208.0,50.0,0.65
2024-04-18,2024-04-18 00:00,PDL,2389.0,2376.5,Asian,0,True,118.0,190.0,183.0,1.55
2024-04-19,2024-04-19 09:00,PDH,2408.0,2433.3,Pre-London,9,True,143.0,212.0,253.0,1.77
2024-04-22,2024-04-22 06:00,PDL,2401.5,2396.0,Asian,6,True,28.0,28.0,568.0,20.29
2024-04-23,2024-04-23 00:00,PDL,2344.7,2342.8,Asian,0,True,57.0,57.0,401.0,7.04
2024-04-24,2024-04-24 23:00,PDH,2350.4,2350.9,New York,23,False,145.0,145.0,0.0,0.0
2024-04-25,2024-04-25 11:00,PDL,2324.8,2316.4,Pre-London,11,True,78.0,328.0,84.0,1.08
2024-04-25,2024-04-25 22:00,PDH,2350.9,2357.6,New York,22,True,217.0,217.0,67.0,0.31
2024-04-26,2024-04-26 15:00,PDH,2357.6,2359.6,London,15,True,78.0,174.0,68.0,0.87
2024-04-29,2024-04-29 06:00,PDL,2344.3,2344.0,Asian,6,True,47.0,117.0,133.0,2.83
2024-04-29,2024-04-29 16:00,PDH,2353.2,2353.0,London,16,True,56.0,164.0,28.0,0.5
2024-04-30,2024-04-30 00:00,PDH,2356.0,2358.9,Asian,0,True,69.0,520.0,29.0,0.42
2024-04-30,2024-04-30 14:00,PDL,2331.0,2329.6,Pre-London,14,True,35.0,35.0,270.0,7.71
2024-05-01,2024-05-01 01:00,PDL,2304.0,2302.1,Asian,1,True,43.0,175.0,123.0,2.86
2024-05-02,2024-05-02 02:00,PDH,2321.5,2339.5,Asian,2,True,157.0,272.0,180.0,1.15
2024-05-03,2024-05-03 21:00,PDL,2294.3,2285.2,New York,21,True,233.0,233.0,91.0,0.39
2024-05-06,2024-05-06 06:00,PDH,2312.3,2314.6,Asian,6,True,31.0,117.0,296.0,9.55
2024-05-06,2024-05-06 08:00,PDL,2301.4,2300.6,Pre-London,8,True,56.0,405.0,8.0,0.14
2024-05-08,2024-05-08 09:00,PDL,2318.2,2314.1,Pre-London,9,True,42.0,114.0,68.0,1.62
2024-05-09,2024-05-09 20:00,PDH,2329.6,2336.6,New York,20,True,84.0,116.0,162.0,1.93
2024-05-10,2024-05-10 03:00,PDH,2345.8,2351.2,Asian,3,True,34.0,55.0,395.0,11.62
2024-05-13,2024-05-13 06:00,PDL,2366.2,2366.5,Asian,6,True,46.0,46.0,275.0,5.98
2024-05-15,2024-05-15 02:00,PDH,2362.9,2365.2,Asian,2,True,15.0,58.0,297.0,19.8
2024-05-16,2024-05-16 00:00,PDH,2392.6,2392.3,Asian,0,True,99.0,174.0,101.0,1.02
2024-05-17,2024-05-17 21:00,PDH,2402.7,2409.8,New York,21,True,49.0,49.0,210.0,4.29
2024-05-18,2024-05-18 02:00,PDH,2423.7,2423.9,Asian,2,True,75.0,75.0,37.0,0.49
2024-05-20,2024-05-20 06:00,PDH,2427.4,2429.8,Asian,6,True,62.0,163.0,268.0,4.32
2024-05-21,2024-05-21 11:00,PDL,2411.1,2408.5,Pre-London,11,True,96.0,271.0,26.0,0.27
2024-05-22,2024-05-22 19:00,PDL,2408.5,2408.0,London,19,True,105.0,105.0,232.0,2.21
2024-05-23,2024-05-23 02:00,PDL,2385.3,2378.0,Asian,2,True,86.0,86.0,441.0,5.13
2024-05-24,2024-05-24 00:00,PDL,2341.2,2341.4,Asian,0,True,106.0,106.0,149.0,1.41
2024-05-27,2024-05-27 06:00,PDH,2338.2,2342.2,Asian,6,True,44.0,44.0,107.0,2.43
2024-05-28,2024-05-28 12:00,PDH,2348.9,2352.9,Pre-London,12,True,26.0,81.0,166.0,6.38
2024-05-29,2024-05-29 17:00,PDL,2340.8,2341.1,London,17,True,70.0,70.0,66.0,0.94
2024-05-30,2024-05-30 08:00,PDL,2334.2,2333.0,Pre-London,8,True,23.0,395.0,134.0,5.83
2024-05-30,2024-05-30 20:00,PDH,2363.7,2366.8,New York,20,True,334.0,334.0,100.0,0.3
2024-05-31,2024-05-31 20:00,PDH,2373.7,2378.3,New York,20,True,318.0,477.0,75.0,0.24
2024-06-01,2024-06-01 01:00,PDL,2326.0,2322.3,Asian,1,True,289.0,289.0,70.0,0.24
2024-06-03,2024-06-03 21:00,PDH,2357.9,2357.5,New York,21,True,75.0,75.0,87.0,1.16
2024-06-04,2024-06-04 00:00,PDH,2366.6,2371.8,Asian,0,True,47.0,315.0,89.0,1.89
2024-06-04,2024-06-04 22:00,PDL,2334.8,2335.1,New York,22,False,178.0,178.0,0.0,0.0
2024-06-05,2024-06-05 23:00,PDH,2375.5,2377.6,New York,23,True,65.0,65.0,21.0,0.32
2024-06-06,2024-06-06 09:00,PDH,2377.6,2394.0,Pre-London,9,True,31.0,54.0,202.0,6.52
2024-06-07,2024-06-07 08:00,PDH,2397.8,2398.2,Pre-London,8,True,86.0,757.0,89.0,1.03
2024-06-07,2024-06-07 16:00,PDL,2371.2,2360.7,London,16,True,215.0,215.0,491.0,2.28
2024-06-08,2024-06-08 00:00,PDL,2322.1,2320.2,Asian,0,True,104.0,104.0,179.0,1.72
2024-06-10,2024-06-10 14:00,PDL,2304.2,2304.5,Pre-London,14,False,221.0,221.0,0.0,0.0
2024-06-11,2024-06-11 00:00,PDH,2326.3,2331.3,Asian,0,True,21.0,118.0,110.0,5.24
2024-06-12,2024-06-12 20:00,PDH,2337.3,2354.7,New York,20,True,91.0,91.0,215.0,2.36
2024-06-13,2024-06-13 19:00,PDL,2322.7,2319.2,London,19,True,96.0,197.0,95.0,0.99
2024-06-14,2024-06-14 00:00,PDL,2313.2,2310.9,Asian,0,True,27.0,391.0,23.0,0.85
2024-06-17,2024-06-17 08:00,PDL,2341.0,2340.0,Pre-London,8,True,27.0,29.0,167.0,6.19
2024-06-18,2024-06-18 16:00,PDL,2324.3,2324.6,London,16,True,56.0,205.0,41.0,0.73
2024-06-19,2024-06-19 00:00,PDH,2344.8,2345.7,Asian,0,True,36.0,37.0,34.0,0.94
2024-06-20,2024-06-20 12:00,PDH,2348.2,2354.9,Pre-London,12,True,8.0,30.0,313.0,39.12
2024-06-21,2024-06-21 13:00,PDH,2379.5,2379.3,Pre-London,13,True,109.0,434.0,31.0,0.28
2024-06-21,2024-06-21 22:00,PDL,2345.2,2341.5,New York,22,True,84.0,84.0,91.0,1.08
2024-06-22,2024-06-22 01:00,PDL,2336.1,2329.5,Asian,1,True,23.0,23.0,69.0,3.0
2024-06-24,2024-06-24 07:00,PDL,2329.2,2329.5,Asian,7,False,173.0,173.0,0.0,0.0
2024-06-24,2024-06-24 15:00,PDH,2342.3,2344.4,London,15,True,80.0,94.0,42.0,0.52
2024-06-25,2024-06-25 01:00,PDH,2346.5,2346.0,Asian,1,True,33.0,189.0,32.0,0.97
2024-06-25,2024-06-25 23:00,PDL,2329.5,2327.6,New York,23,True,107.0,107.0,19.0,0.18
2024-06-26,2024-06-26 00:00,PDL,2327.6,2327.1,Asian,0,True,98.0,98.0,229.0,2.34
2024-06-27,2024-06-27 20:00,PDH,2337.4,2337.7,New York,20,True,106.0,106.0,46.0,0.43
2024-06-28,2024-06-28 16:00,PDH,2342.0,2342.9,London,16,True,49.0,88.0,86.0,1.76
2024-07-01,2024-07-01 06:00,PDL,2333.1,2333.1,Asian,6,True,43.0,157.0,49.0,1.14
2024-07-01,2024-07-01 19:00,PDH,2343.3,2348.5,London,19,True,11.0,142.0,55.0,5.0
2024-07-02,2024-07-02 19:00,PDL,2328.2,2328.6,London,19,True,97.0,179.0,8.0,0.08
2024-07-03,2024-07-03 21:30,PDH,2346.1,2368.1,New York,21,True,108.0,108.0,284.0,2.63
2024-07-05,2024-07-05 12:00,PDH,2372.6,2373.0,Pre-London,12,True,29.0,166.0,241.0,8.31
2024-07-05,2024-07-05 20:00,PDL,2364.5,2356.0,New York,20,True,207.0,322.0,85.0,0.41
2024-07-06,2024-07-06 01:00,PDH,2396.7,2398.3,Asian,1,True,39.0,39.0,48.0,1.23
2024-07-08,2024-07-08 08:00,PDL,2392.2,2392.7,Pre-London,8,True,71.0,71.0,339.0,4.77
2024-07-09,2024-07-09 00:00,PDL,2358.3,2358.3,Asian,0,True,200.0,200.0,23.0,0.12
2024-07-10,2024-07-10 14:00,PDH,2378.3,2379.1,Pre-London,14,True,48.0,48.0,151.0,3.15
2024-07-11,2024-07-11 20:00,PDH,2393.4,2415.5,New York,20,True,103.0,103.0,370.0,3.59
2024-07-15,2024-07-15 06:00,PDL,2415.6,2411.3,Asian,6,True,44.0,268.0,95.0,2.16
2024-07-15,2024-07-15 19:00,PDH,2423.2,2425.4,London,19,True,37.0,69.0,192.0,5.19
2024-07-16,2024-07-16 00:00,PDH,2442.4,2445.0,Asian,0,True,78.0,179.0,278.0,3.56
2024-07-17,2024-07-17 01:00,PDH,2470.2,2471.6,Asian,1,True,68.0,81.0,182.0,2.68
2024-07-18,2024-07-18 00:00,PDL,2462.1,2457.1,Asian,0,True,76.0,164.0,66.0,0.87
2024-07-19,2024-07-19 01:00,PDL,2455.5,2454.4,Asian,1,True,49.0,49.0,598.0,12.2
2024-07-22,2024-07-22 06:00,PDH,2407.9,2413.2,Asian,6,True,54.0,227.0,65.0,1.2
2024-07-22,2024-07-22 20:00,PDL,2397.3,2390.2,New York,20,True,38.0,45.0,121.0,3.18
2024-07-24,2024-07-24 09:00,PDH,2413.5,2413.1,Pre-London,9,True,78.0,78.0,195.0,2.5
2024-07-25,2024-07-25 03:00,PDL,2403.7,2398.7,Asian,3,True,56.0,120.0,465.0,8.3
2024-07-26,2024-07-26 00:00,PDL,2357.2,2356.7,Asian,0,True,75.0,325.0,53.0,0.71
2024-07-27,2024-07-27 00:00,PDH,2389.7,2389.5,Asian,0,False,96.0,96.0,0.0,0.0
2024-07-29,2024-07-29 06:00,PDH,2389.5,2402.1,Asian,6,True,35.0,222.0,126.0,3.6
2024-07-29,2024-07-29 22:00,PDL,2380.1,2378.2,New York,22,True,120.0,120.0,128.0,1.07
2024-07-30,2024-07-30 15:00,PDH,2402.1,2436.6,London,15,True,159.0,192.0,408.0,2.57
2024-07-31,2024-07-31 00:00,PDH,2442.9,2445.6,Asian,0,True,131.0,131.0,313.0,2.39
2024-08-01,2024-08-01 01:00,PDH,2474.2,2474.3,Asian,1,True,77.0,77.0,324.0,4.21
2024-08-02,2024-08-02 13:00,PDH,2506.6,2511.5,Pre-London,13,True,48.0,535.0,159.0,3.31
2024-08-02,2024-08-02 23:00,PDL,2466.5,2453.1,New York,23,True,124.0,124.0,134.0,1.08
2024-08-05,2024-08-05 06:00,PDH,2486.6,2490.4,Asian,6,True,65.0,828.0,142.0,2.18
2024-08-05,2024-08-05 08:00,PDL,2465.5,2455.7,Pre-London,8,True,177.0,353.0,617.0,3.49
2024-08-07,2024-08-07 08:00,PDL,2421.8,2421.1,Pre-London,8,True,58.0,255.0,30.0,0.52
2024-08-08,2024-08-08 19:00,PDH,2447.3,2453.1,London,19,True,31.0,61.0,167.0,5.39
2024-08-09,2024-08-09 01:00,PDH,2464.0,2464.5,Asian,1,True,87.0,87.0,115.0,1.32
2024-08-10,2024-08-10 01:00,PDH,2475.5,2476.5,Asian,1,True,56.0,89.0,10.0,0.18
2024-08-12,2024-08-12 06:00,PDL,2466.6,2466.0,Asian,6,True,57.0,337.0,39.0,0.68
2024-08-12,2024-08-12 14:00,PDH,2476.5,2476.2,Pre-London,14,True,41.0,41.0,238.0,5.8
2024-08-13,2024-08-13 00:00,PDH,2500.3,2505.8,Asian,0,True,18.0,21.0,170.0,9.44
2024-08-14,2024-08-14 10:00,PDL,2498.2,2494.5,Pre-London,10,True,69.0,215.0,179.0,2.59
2024-08-14,2024-08-14 16:00,PDH,2517.3,2517.9,London,16,True,96.0,370.0,24.0,0.25
2024-08-15,2024-08-15 00:00,PDL,2480.3,2476.2,Asian,0,True,37.0,277.0,111.0,3.0
2024-08-16,2024-08-16 19:00,PDH,2508.0,2510.3,London,19,True,56.0,56.0,307.0,5.48
2024-08-17,2024-08-17 01:00,PDH,2538.7,2538.7,Asian,1,True,73.0,73.0,96.0,1.32
2024-08-19,2024-08-19 06:00,PDH,2548.3,2549.9,Asian,6,True,74.0,246.0,16.0,0.22
2024-08-19,2024-08-19 18:00,PDL,2530.3,2526.9,London,18,True,82.0,141.0,66.0,0.8
2024-08-20,2024-08-20 15:00,PDH,2549.9,2553.7,London,15,True,106.0,106.0,205.0,1.93
2024-08-21,2024-08-21 21:00,PDL,2535.1,2535.4,New York,21,True,159.0,159.0,69.0,0.43
2024-08-22,2024-08-22 21:00,PDL,2528.2,2518.7,New York,21,True,97.0,97.0,218.0,2.25
2024-08-26,2024-08-26 06:00,PDH,2549.0,2550.3,Asian,6,True,44.0,50.0,142.0,3.23
2024-08-27,2024-08-27 09:00,PDL,2544.0,2543.5,Pre-London,9,True,52.0,127.0,55.0,1.06
2024-08-28,2024-08-28 02:00,PDH,2559.4,2561.4,Asian,2,True,42.0,316.0,49.0,1.17
2024-08-28,2024-08-28 14:00,PDL,2538.5,2537.9,Pre-London,14,True,144.0,144.0,107.0,0.74
2024-08-30,2024-08-30 00:00,PDH,2559.1,2560.1,Asian,0,True,85.0,261.0,31.0,0.36
2024-08-31,2024-08-31 00:00,PDL,2533.0,2529.2,Asian,0,True,58.0,58.0,64.0,1.1
2024-09-02,2024-09-02 10:00,PDL,2526.6,2522.1,Pre-London,10,True,41.0,41.0,45.0,1.1
2024-09-03,2024-09-03 16:00,PDH,2537.2,2538.5,London,16,True,46.0,328.0,13.0,0.28
2024-09-03,2024-09-03 19:00,PDL,2522.1,2516.3,London,19,True,115.0,121.0,177.0,1.54
2024-09-04,2024-09-04 16:00,PDL,2504.4,2503.3,London,16,True,99.0,271.0,17.0,0.17
2024-09-05,2024-09-05 13:00,PDH,2531.5,2533.3,Pre-London,13,True,77.0,77.0,225.0,2.92
2024-09-06,2024-09-06 20:00,PDH,2554.0,2559.8,New York,20,True,167.0,241.0,58.0,0.35
2024-09-07,2024-09-07 00:00,PDL,2529.9,2513.9,Asian,0,True,55.0,55.0,160.0,2.91
2024-09-09,2024-09-09 14:00,PDL,2513.9,2514.2,Pre-London,14,False,208.0,208.0,0.0,0.0
2024-09-10,2024-09-10 00:00,PDH,2534.7,2534.4,Asian,0,True,62.0,63.0,128.0,2.06
2024-09-11,2024-09-11 07:00,PDH,2547.5,2547.8,Asian,7,True,39.0,168.0,105.0,2.69
2024-09-12,2024-09-12 20:00,PDH,2558.0,2564.1,New York,20,True,115.0,115.0,256.0,2.23
2024-09-13,2024-09-13 01:00,PDH,2583.6,2583.5,Asian,1,True,51.0,51.0,281.0,5.51
2024-09-14,2024-09-14 00:00,PDH,2611.7,2613.3,Asian,0,True,35.0,60.0,27.0,0.77
2024-09-16,2024-09-16 06:00,PDL,2605.7,2605.5,Asian,6,True,117.0,117.0,32.0,0.27
2024-09-16,2024-09-16 11:00,PDH,2614.4,2616.6,Pre-London,11,True,29.0,119.0,30.0,1.03
2024-09-17,2024-09-17 12:00,PDL,2602.5,2601.2,Pre-London,12,True,39.0,112.0,141.0,3.62
2024-09-18,2024-09-18 00:00,PDL,2588.4,2588.0,Asian,0,True,88.0,189.0,11.0,0.12
2024-09-19,2024-09-19 02:00,PDH,2607.3,2627.2,Asian,2,True,129.0,348.0,199.0,1.54
2024-09-19,2024-09-19 03:00,PDL,2587.3,2572.5,Asian,3,True,152.0,332.0,148.0,0.97
2024-09-20,2024-09-20 14:00,PDH,2627.2,2632.5,Pre-London,14,True,79.0,79.0,214.0,2.71
2024-09-21,2024-09-21 00:00,PDH,2648.6,2651.0,Asian,0,True,34.0,57.0,24.0,0.71
2024-09-23,2024-09-23 06:00,PDL,2642.9,2643.1,Asian,6,True,49.0,169.0,43.0,0.88
2024-09-23,2024-09-23 10:00,PDH,2651.0,2652.5,Pre-London,10,True,75.0,124.0,88.0,1.17
2024-09-24,2024-09-24 11:00,PDH,2659.8,2660.9,Pre-London,11,True,62.0,127.0,139.0,2.24
2024-09-25,2024-09-25 00:00,PDH,2673.7,2680.3,Asian,0,True,66.0,66.0,212.0,3.21
2024-09-26,2024-09-26 18:00,PDH,2694.9,2699.0,London,18,True,42.0,174.0,138.0,3.29
2024-09-27,2024-09-27 22:00,PDL,2673.4,2671.5,New York,22,True,162.0,162.0,71.0,0.44
2024-09-28,2024-09-28 01:00,PDL,2666.3,2665.3,Asian,1,True,81.0,164.0,10.0,0.12
2024-09-30,2024-09-30 06:00,PDH,2682.7,2685.5,Asian,6,True,34.0,325.0,50.0,1.47
2024-09-30,2024-09-30 18:00,PDL,2665.3,2657.3,London,18,True,64.0,64.0,151.0,2.36
2024-10-01,2024-10-01 02:00,PDL,2650.2,2646.2,Asian,2,True,96.0,438.0,40.0,0.42
2024-10-01,2024-10-01 21:00,PDH,2687.7,2694.0,New York,21,True,182.0,182.0,63.0,0.35
2024-10-02,2024-10-02 00:00,PDH,2694.0,2694.7,Asian,0,True,111.0,319.0,7.0,0.06
2024-10-03,2024-10-03 16:00,PDL,2662.1,2661.9,London,16,True,58.0,138.0,43.0,0.74
2024-10-04,2024-10-04 10:00,PDH,2683.4,2683.6,Pre-London,10,True,56.0,318.0,72.0,1.29
2024-10-04,2024-10-04 20:00,PDL,2657.8,2651.6,New York,20,True,237.0,328.0,62.0,0.26
2024-10-07,2024-10-07 13:00,PDL,2661.8,2659.0,Pre-London,13,True,44.0,174.0,45.0,1.02
2024-10-07,2024-10-07 16:00,PDH,2673.9,2676.0,London,16,True,32.0,166.0,53.0,1.66
2024-10-08,2024-10-08 09:00,PDL,2657.3,2656.7,Pre-London,9,True,97.0,151.0,339.0,3.49
2024-10-09,2024-10-09 22:00,PDL,2623.4,2622.8,New York,22,True,69.0,131.0,6.0,0.09
2024-10-10,2024-10-10 02:00,PDL,2622.8,2623.3,Asian,2,True,216.0,244.0,40.0,0.19
2024-10-10,2024-10-10 20:00,PDH,2642.9,2644.4,New York,20,True,241.0,241.0,43.0,0.18
2024-10-11,2024-10-11 03:00,PDH,2647.2,2648.8,Asian,3,True,40.0,40.0,296.0,7.4
2024-10-12,2024-10-12 00:00,PDH,2676.8,2679.0,Asian,0,True,15.0,53.0,22.0,1.47
2024-10-14,2024-10-14 06:00,PDL,2671.5,2660.9,Asian,6,True,23.0,127.0,115.0,5.0
2024-10-14,2024-10-14 14:00,PDH,2679.0,2684.2,Pre-London,14,True,45.0,184.0,52.0,1.16
2024-10-15,2024-10-15 12:00,PDL,2660.0,2659.2,Pre-London,12,True,20.0,220.0,56.0,2.8
2024-10-16,2024-10-16 00:00,PDH,2682.0,2685.9,Asian,0,True,42.0,71.0,205.0,4.88
2024-10-17,2024-10-17 18:00,PDH,2702.5,2704.2,London,18,True,79.0,143.0,102.0,1.29
2024-10-18,2024-10-18 09:00,PDH,2712.7,2722.2,Pre-London,9,True,46.0,46.0,228.0,4.96
2024-10-19,2024-10-19 01:00,PDH,2735.5,2735.1,Asian,1,True,68.0,68.0,23.0,0.34
2024-10-21,2024-10-21 06:00,PDH,2737.8,2738.9,Asian,6,True,32.0,64.0,176.0,5.5
2024-10-22,2024-10-22 02:00,PDL,2731.4,2729.6,Asian,2,True,63.0,273.0,29.0,0.46
2024-10-22,2024-10-22 21:00,PDH,2755.4,2756.8,New York,21,True,60.0,74.0,33.0,0.55
2024-10-23,2024-10-23 00:00,PDH,2758.7,2760.0,Asian,0,True,69.0,366.0,139.0,2.01
2024-10-23,2024-10-23 23:00,PDL,2728.5,2722.1,New York,23,True,77.0,77.0,64.0,0.83
2024-10-26,2024-10-26 01:00,PDH,2754.7,2757.8,Asian,1,True,33.0,33.0,62.0,1.88
2024-10-28,2024-10-28 06:00,PDL,2746.7,2742.0,Asian,6,True,33.0,116.0,98.0,2.97
2024-10-29,2024-10-29 08:00,PDH,2758.3,2759.0,Pre-London,8,True,30.0,30.0,257.0,8.57
2024-10-30,2024-10-30 01:00,PDH,2784.0,2784.9,Asian,1,True,55.0,55.0,177.0,3.22
2024-10-31,2024-10-31 01:00,PDH,2801.7,2801.3,Asian,1,False,599.0,599.0,0.0,0.0
2024-10-31,2024-10-31 21:00,PDL,2776.2,2764.8,New York,21,True,83.0,83.0,344.0,4.14
2024-11-02,2024-11-02 01:00,PDL,2748.2,2744.6,Asian,1,True,54.0,54.0,56.0,1.04
2024-11-04,2024-11-04 07:00,PDL,2742.6,2739.4,Asian,7,True,69.0,149.0,32.0,0.46
2024-11-04,2024-11-04 21:00,PDH,2755.8,2756.2,New York,21,True,87.0,88.0,17.0,0.2
2024-11-05,2024-11-05 10:00,PDL,2739.4,2733.4,Pre-London,10,True,47.0,201.0,60.0,1.28
2024-11-05,2024-11-05 22:00,PDH,2757.5,2759.5,New York,22,True,71.0,153.0,20.0,0.28
2024-11-06,2024-11-06 14:00,PDL,2733.4,2709.8,Pre-London,14,True,146.0,146.0,727.0,4.98
2024-11-07,2024-11-07 09:00,PDL,2660.7,2650.3,Pre-London,9,True,107.0,471.0,104.0,0.97
2024-11-08,2024-11-08 01:00,PDH,2707.8,2707.8,Asian,1,True,132.0,205.0,105.0,0.8
2024-11-11,2024-11-11 07:00,PDL,2690.2,2686.6,Asian,7,True,31.0,32.0,704.0,22.71
2024-11-12,2024-11-12 00:00,PDL,2619.8,2619.5,Asian,0,True,51.0,136.0,241.0,4.73
2024-11-14,2024-11-14 00:00,PDL,2598.8,2590.5,Asian,0,True,132.0,132.0,573.0,4.34
2024-11-18,2024-11-18 07:00,PDH,2578.1,2580.0,Asian,7,True,96.0,96.0,395.0,4.11
2024-11-19,2024-11-19 00:00,PDH,2617.6,2619.5,Asian,0,True,40.0,60.0,258.0,6.45
2024-11-20,2024-11-20 09:00,PDH,2643.4,2644.6,Pre-London,9,True,46.0,215.0,92.0,2.0
2024-11-21,2024-11-21 00:00,PDH,2652.6,2654.3,Asian,0,True,30.0,38.0,236.0,7.87
2024-11-22,2024-11-22 02:00,PDH,2676.2,2676.0,Asian,2,True,61.0,61.0,362.0,5.93
2024-11-23,2024-11-23 02:00,PDH,2712.4,2713.7,Asian,2,True,35.0,52.0,61.0,1.74
2024-11-25,2024-11-25 07:00,PDH,2718.5,2723.2,Asian,7,True,285.0,912.0,47.0,0.16
2024-11-25,2024-11-25 07:00,PDL,2703.1,2690.0,Asian,7,True,201.0,201.0,758.0,3.77
2024-11-26,2024-11-26 01:00,PDL,2627.3,2625.4,Asian,1,True,82.0,154.0,220.0,2.68
2024-11-27,2024-11-27 13:00,PDH,2642.7,2645.9,Pre-London,13,True,43.0,82.0,407.0,9.47
2024-11-29,2024-11-29 22:30,PDH,2669.6,2686.4,New York,22,True,150.0,172.0,168.0,1.12
2024-11-30,2024-11-30 00:30,PDH,2686.4,2686.5,Asian,0,False,276.0,276.0,0.0,0.0
2024-12-02,2024-12-02 07:00,PDL,2658.8,2645.1,Asian,7,True,197.0,197.0,371.0,1.88
2024-12-03,2024-12-03 22:00,PDH,2678.5,2678.4,New York,22,False,425.0,425.0,0.0,0.0
2024-12-04,2024-12-04 23:00,PDH,2678.4,2682.0,New York,23,True,270.0,270.0,36.0,0.13
2024-12-05,2024-12-05 23:00,PDL,2637.0,2633.2,New York,23,True,285.0,285.0,38.0,0.13
2024-12-06,2024-12-06 01:00,PDL,2633.2,2625.7,Asian,1,True,262.0,347.0,157.0,0.6
2024-12-09,2024-12-09 07:00,PDH,2663.7,2672.7,Asian,7,True,52.0,329.0,363.0,6.98
2024-12-09,2024-12-09 08:00,PDL,2633.4,2630.8,Pre-London,8,True,290.0,666.0,26.0,0.09
2024-12-10,2024-12-10 18:00,PDH,2700.0,2699.5,London,18,True,131.0,232.0,172.0,1.31
2024-12-11,2024-12-11 00:00,PDH,2717.2,2718.1,Asian,0,True,243.0,243.0,425.0,1.75
2024-12-12,2024-12-12 09:00,PDH,2759.7,2761.3,Pre-London,9,True,113.0,823.0,16.0,0.14
2024-12-12,2024-12-12 22:00,PDL,2692.9,2682.1,New York,22,True,352.0,352.0,155.0,0.44
2024-12-13,2024-12-13 17:00,PDL,2677.4,2669.2,London,17,True,198.0,198.0,191.0,0.96
2024-12-14,2024-12-14 04:00,PDL,2658.3,2650.4,Asian,4,True,150.0,150.0,104.0,0.69
2024-12-16,2024-12-16 19:00,PDH,2683.7,2683.3,London,19,False,212.0,212.0,0.0,0.0
2024-12-17,2024-12-17 00:00,PDL,2657.1,2651.0,Asian,0,True,171.0,187.0,246.0,1.44
2024-12-19,2024-12-19 00:00,PDL,2649.6,2649.6,Asian,0,True,66.0,66.0,529.0,8.02
2024-12-21,2024-12-21 00:00,PDH,2652.7,2653.8,Asian,0,True,103.0,147.0,11.0,0.11
2024-12-23,2024-12-23 07:00,PDL,2638.0,2638.0,Asian,7,True,39.0,88.0,140.0,3.59
2024-12-24,2024-12-24 00:00,PDL,2624.0,2623.2,Asian,0,True,84.0,100.0,8.0,0.1
2024-12-25,2024-12-25 01:30,PDH,2634.0,2635.8,Asian,1,True,31.0,31.0,18.0,0.58
2024-12-26,2024-12-26 13:00,PDH,2635.8,2643.9,Pre-London,13,True,59.0,21.0,198.0,3.36
2024-12-27,2024-12-27 04:00,PDH,2655.6,2655.7,Asian,4,False,304.0,304.0,0.0,0.0
2024-12-27,2024-12-27 18:00,PDL,2637.9,2638.3,London,18,True,86.0,86.0,127.0,1.48
2024-12-30,2024-12-30 07:00,PDH,2637.0,2640.5,Asian,7,True,34.0,251.0,37.0,1.09
2024-12-30,2024-12-30 15:00,PDL,2628.6,2627.6,London,15,True,33.0,83.0,167.0,5.06
2024-12-31,2024-12-31 00:00,PDL,2611.9,2608.4,Asian,0,True,38.0,291.0,35.0,0.92
2024-12-31,2024-12-31 23:00,PDH,2640.7,2641.0,New York,23,False,152.0,152.0,0.0,0.0
2025-01-01,2025-01-01 00:00,PDH,2641.0,2641.3,Asian,0,True,45.0,45.0,10.0,0.22
2025-01-02,2025-01-02 13:00,PDH,2642.0,2648.8,Pre-London,13,True,31.0,6.0,277.0,8.94
2025-01-03,2025-01-03 00:00,PDH,2669.7,2674.2,Asian,0,True,65.0,147.0,113.0,1.74
2025-01-04,2025-01-04 00:00,PDL,2655.0,2652.3,Asian,0,True,65.0,65.0,53.0,0.82
2025-01-06,2025-01-06 09:00,PDH,2661.5,2661.0,Pre-London,9,True,249.0,369.0,23.0,0.09
2025-01-06,2025-01-06 12:00,PDL,2649.7,2645.2,Pre-London,12,True,32.0,141.0,251.0,7.84
2025-01-07,2025-01-07 20:00,PDH,2663.8,2665.1,New York,20,True,52.0,100.0,147.0,2.83
2025-01-08,2025-01-08 22:00,PDH,2678.5,2683.9,New York,22,True,39.0,39.0,54.0,1.38
2025-01-09,2025-01-09 00:00,PDH,2683.9,2687.0,Asian,0,True,56.0,186.0,129.0,2.3
2025-01-10,2025-01-10 10:00,PDH,2696.8,2698.3,Pre-London,10,True,30.0,99.0,382.0,12.73
2025-01-13,2025-01-13 09:00,PDL,2713.3,2709.9,Pre-London,9,True,71.0,71.0,334.0,4.7
2025-01-14,2025-01-14 00:00,PDL,2679.9,2679.6,Asian,0,True,68.0,104.0,79.0,1.16
2025-01-15,2025-01-15 03:00,PDH,2690.3,2689.9,Asian,3,True,50.0,50.0,287.0,5.74
2025-01-16,2025-01-16 02:00,PDH,2719.0,2719.5,Asian,2,True,43.0,43.0,333.0,7.74
2025-01-17,2025-01-17 00:00,PDH,2752.3,2755.5,Asian,0,True,17.0,231.0,56.0,3.29
2025-01-18,2025-01-18 00:00,PDH,2757.9,2759.2,Asian,0,True,81.0,219.0,13.0,0.16
2025-01-20,2025-01-20 07:00,PDL,2736.0,2731.1,Asian,7,True,51.0,118.0,49.0,0.96
2025-01-21,2025-01-21 17:00,PDL,2731.1,2725.5,London,17,True,44.0,247.0,56.0,1.27
2025-01-21,2025-01-21 22:00,PDH,2747.8,2755.3,New York,22,True,114.0,114.0,80.0,0.7
2025-01-22,2025-01-22 00:00,PDH,2755.8,2760.7,Asian,0,True,40.0,40.0,186.0,4.65
2025-01-23,2025-01-23 17:00,PDL,2751.8,2747.2,London,17,True,92.0,100.0,108.0,1.17
2025-01-24,2025-01-24 10:00,PDH,2773.0,2782.8,Pre-London,10,True,22.0,22.0,218.0,9.91
2025-01-27,2025-01-27 07:00,PDL,2775.7,2766.3,Asian,7,True,24.0,24.0,336.0,14.0
2025-01-28,2025-01-28 00:00,PDL,2742.1,2734.7,Asian,0,True,46.0,207.0,101.0,2.2
2025-01-29,2025-01-29 00:00,PDH,2762.8,2767.4,Asian,0,True,30.0,30.0,153.0,5.1
2025-01-30,2025-01-30 14:00,PDH,2778.1,2779.5,Pre-London,14,True,67.0,67.0,737.0,11.0
2025-01-31,2025-01-31 00:00,PDH,2851.8,2853.2,Asian,0,True,352.0,369.0,111.0,0.32
2025-02-01,2025-02-01 01:00,PDL,2814.9,2813.0,Asian,1,True,372.0,372.0,109.0,0.29
2025-02-03,2025-02-03 07:00,PDH,2856.6,2861.5,Asian,7,True,546.0,757.0,154.0,0.28
2025-02-03,2025-02-03 07:00,PDL,2804.0,2802.0,Asian,7,True,575.0,680.0,231.0,0.4
2025-02-04,2025-02-04 22:00,PDH,2872.0,2874.4,New York,22,True,370.0,370.0,24.0,0.06
2025-02-05,2025-02-05 01:00,PDH,2874.4,2877.1,Asian,1,True,57.0,57.0,316.0,5.54
2025-02-06,2025-02-06 23:00,PDL,2860.1,2855.0,New York,23,True,175.0,175.0,51.0,0.29
2025-02-07,2025-02-07 22:00,PDH,2903.2,2904.0,New York,22,True,252.0,252.0,74.0,0.29
2025-02-10,2025-02-10 13:00,PDH,2905.9,2906.0,Pre-London,13,True,29.0,29.0,322.0,11.1
2025-02-11,2025-02-11 00:00,PDH,2938.1,2937.6,Asian,0,True,127.0,311.0,304.0,2.39
2025-02-12,2025-02-12 18:00,PDL,2907.0,2905.0,London,18,True,90.0,181.0,205.0,2.28
2025-02-13,2025-02-13 01:00,PDH,2935.8,2936.5,Asian,1,True,67.0,175.0,145.0,2.16
2025-02-14,2025-02-14 02:00,PDH,2950.3,2953.4,Asian,2,True,84.0,447.0,138.0,1.64
2025-02-14,2025-02-14 23:00,PDL,2918.0,2905.6,New York,23,True,218.0,218.0,124.0,0.57
2025-02-15,2025-02-15 00:00,PDL,2905.6,2903.4,Asian,0,True,137.0,137.0,157.0,1.15
2025-02-17,2025-02-17 07:00,PDL,2889.9,2887.6,Asian,7,True,142.0,265.0,23.0,0.16
2025-02-18,2025-02-18 13:00,PDH,2916.4,2928.8,Pre-London,13,True,68.0,42.0,309.0,4.54
2025-02-19,2025-02-19 00:00,PDH,2947.3,2952.6,Asian,0,True,55.0,61.0,171.0,3.11
2025-02-20,2025-02-20 00:00,PDL,2941.2,2938.8,Asian,0,True,71.0,322.0,75.0,1.06
2025-02-20,2025-02-20 14:00,PDH,2964.4,2966.0,Pre-London,14,True,26.0,251.0,90.0,3.46
2025-02-21,2025-02-21 16:00,PDL,2933.7,2930.1,London,16,True,116.0,206.0,36.0,0.31
2025-02-24,2025-02-24 09:00,PDL,2941.2,2936.8,Pre-London,9,True,47.0,328.0,44.0,0.94
2025-02-24,2025-02-24 16:00,PDH,2959.8,2963.7,London,16,True,78.0,143.0,142.0,1.82
2025-02-25,2025-02-25 20:00,PDL,2936.8,2936.2,New York,20,True,186.0,229.0,261.0,1.4
2025-02-26,2025-02-26 00:00,PDL,2910.7,2897.0,Asian,0,True,86.0,313.0,137.0,1.59
2025-02-27,2025-02-27 16:00,PDL,2897.0,2891.8,London,16,True,68.0,113.0,180.0,2.65
2025-02-28,2025-02-28 11:00,PDL,2879.0,2875.7,Pre-London,11,True,96.0,96.0,349.0,3.64
2025-03-03,2025-03-03 07:00,PDH,2869.9,2888.5,Asian,7,True,36.0,36.0,315.0,8.75
2025-03-04,2025-03-04 00:00,PDH,2901.4,2904.2,Asian,0,True,56.0,136.0,384.0,6.86
2025-03-06,2025-03-06 00:00,PDH,2934.4,2941.3,Asian,0,True,91.0,368.0,69.0,0.76
2025-03-06,2025-03-06 17:00,PDL,2903.4,2897.6,London,17,True,94.0,284.0,58.0,0.62
2025-03-10,2025-03-10 15:00,PDL,2909.6,2909.8,London,15,True,123.0,124.0,78.0,0.63
2025-03-11,2025-03-11 00:00,PDL,2901.8,2901.6,Asian,0,True,120.0,272.0,193.0,1.61
2025-03-11,2025-03-11 21:00,PDH,2926.4,2929.0,New York,21,True,143.0,143.0,26.0,0.18
2025-03-12,2025-03-12 17:00,PDH,2929.0,2931.5,London,17,True,95.0,180.0,83.0,0.87
2025-03-13,2025-03-13 00:00,PDH,2937.3,2947.7,Asian,0,True,25.0,25.0,536.0,21.44
2025-03-14,2025-03-14 00:00,PDH,2990.9,2998.5,Asian,0,True,23.0,23.0,262.0,11.39
2025-03-17,2025-03-17 07:00,PDH,3001.5,3002.2,Asian,7,True,49.0,101.0,79.0,1.61
2025-03-18,2025-03-18 02:00,PDH,3009.4,3009.0,Asian,2,True,48.0,48.0,381.0,7.94
2025-03-19,2025-03-19 13:00,PDH,3047.5,3052.4,Pre-London,13,True,36.0,162.0,49.0,1.36
2025-03-20,2025-03-20 02:00,PDH,3052.4,3058.2,Asian,2,True,149.0,196.0,128.0,0.86
2025-03-21,2025-03-21 13:00,PDL,3032.8,3026.9,Pre-London,13,True,51.0,126.0,287.0,5.63
2025-03-24,2025-03-24 06:00,PDH,3030.0,3031.0,Asian,6,True,55.0,202.0,84.0,1.53
2025-03-24,2025-03-24 22:00,PDL,3015.8,3012.7,New York,22,True,128.0,128.0,60.0,0.47
2025-03-25,2025-03-25 02:00,PDL,3009.8,3007.7,Asian,2,True,48.0,326.0,21.0,0.44
2025-03-25,2025-03-25 22:00,PDH,3038.4,3042.4,New York,22,True,87.0,155.0,40.0,0.46
2025-03-27,2025-03-27 10:00,PDH,3036.1,3038.0,Pre-London,10,True,79.0,79.0,352.0,4.46
2025-03-28,2025-03-28 08:00,PDH,3071.3,3075.4,Pre-London,8,True,27.0,27.0,511.0,18.93
2025-03-31,2025-03-31 06:00,PDH,3121.4,3128.3,Asian,6,True,304.0,354.0,406.0,1.34
2025-04-01,2025-04-01 08:00,PDH,3162.0,3162.4,Pre-London,8,True,296.0,403.0,150.0,0.51
2025-04-02,2025-04-02 00:00,PDL,3117.5,3104.0,Asian,0,True,293.0,530.0,135.0,0.46
2025-04-03,2025-04-03 00:00,PDH,3170.5,3177.7,Asian,0,True,305.0,1185.0,311.0,1.02
2025-04-03,2025-04-03 18:00,PDL,3104.0,3088.0,London,18,True,393.0,555.0,520.0,1.32
2025-04-04,2025-04-04 22:00,PDL,3052.0,3023.0,New York,22,True,290.0,290.0,410.0,1.41
2025-04-05,2025-04-05 01:00,PDL,3011.0,3011.0,Asian,1,False,512.0,512.0,0.0,0.0
2025-04-07,2025-04-07 06:00,PDL,3011.0,2981.0,Asian,6,True,441.0,734.0,460.0,1.04
2025-04-07,2025-04-07 09:00,PDH,3062.2,3084.4,Pre-London,9,True,916.0,916.0,222.0,0.24
2025-04-08,2025-04-08 00:00,PDL,2965.0,2965.0,Asian,0,True,392.0,729.0,153.0,0.39
2025-04-09,2025-04-09 13:00,PDH,3037.9,3038.6,Pre-London,13,True,271.0,271.0,668.0,2.46
2025-04-10,2025-04-10 00:00,PDH,3104.7,3112.2,Asian,0,True,61.0,505.0,891.0,14.61
2025-04-11,2025-04-11 02:00,PDH,3193.8,3194.3,Asian,2,True,278.0,278.0,685.0,2.46
2025-04-12,2025-04-12 00:00,PDH,3262.3,3263.0,Asian,0,True,340.0,411.0,7.0,0.02
2025-04-14,2025-04-14 06:00,PDL,3221.2,3215.5,Asian,6,True,288.0,404.0,267.0,0.93
2025-04-15,2025-04-15 02:00,PDL,3194.5,3195.0,Asian,2,False,545.0,545.0,0.0,0.0
2025-04-16,2025-04-16 04:00,PDH,3249.0,3250.9,Asian,4,True,56.0,56.0,952.0,17.0
2025-04-17,2025-04-17 00:00,PDH,3344.2,3348.5,Asian,0,True,70.0,478.0,277.0,3.96
2025-04-21,2025-04-21 06:00,PDH,3342.7,3368.1,Asian,6,True,13.0,13.0,996.0,76.62
2025-04-22,2025-04-22 06:00,PDH,3442.3,3448.0,Asian,6,True,79.0,233.0,676.0,8.56
2025-04-23,2025-04-23 00:00,PDL,3417.1,3383.2,Asian,0,True,155.0,155.0,1463.0,9.44
2025-04-25,2025-04-25 06:00,PDH,3377.0,3384.1,Asian,6,True,157.0,1022.0,71.0,0.45
2025-04-25,2025-04-25 21:00,PDL,3288.9,3274.8,New York,21,True,141.0,141.0,141.0,1.0
2025-04-28,2025-04-28 06:00,PDH,3331.5,3348.2,Asian,6,True,123.0,535.0,167.0,1.36
2025-04-28,2025-04-28 09:00,PDL,3291.0,3289.0,Pre-London,9,True,348.0,564.0,130.0,0.37
2025-04-29,2025-04-29 00:00,PDH,3348.2,3350.2,Asian,0,True,126.0,390.0,156.0,1.24
2025-04-30,2025-04-30 16:00,PDL,3309.2,3289.5,London,16,True,79.0,209.0,336.0,4.25
2025-05-01,2025-05-01 08:00,PDL,3275.6,3247.7,Pre-London,8,True,94.0,94.0,662.0,7.04
2025-05-05,2025-05-05 06:00,PDH,3249.2,3251.3,Asian,6,True,61.0,61.0,887.0,14.54
2025-05-06,2025-05-06 03:00,PDH,3337.9,3346.7,Asian,3,True,66.0,66.0,704.0,10.67
2025-05-07,2025-05-07 00:00,PDH,3408.3,3420.4,Asian,0,True,55.0,413.0,399.0,7.25
2025-05-08,2025-05-08 13:00,PDL,3367.0,3360.3,Pre-London,13,True,237.0,237.0,416.0,1.76
2025-05-09,2025-05-09 00:00,PDL,3325.4,3309.5,Asian,0,True,106.0,257.0,465.0,4.39
2025-05-10,2025-05-10 00:00,PDH,3351.1,3352.7,Asian,0,True,97.0,220.0,16.0,0.16
2025-05-12,2025-05-12 06:00,PDL,3329.1,3251.5,Asian,6,True,366.0,336.0,1179.0,3.22
2025-05-14,2025-05-14 20:00,PDL,3220.1,3187.7,New York,20,True,62.0,62.0,418.0,6.74
2025-05-15,2025-05-15 00:00,PDL,3178.3,3177.5,Asian,0,True,161.0,449.0,550.0,3.42
2025-05-16,2025-05-16 00:00,PDH,3223.2,3226.3,Asian,0,True,45.0,668.0,326.0,7.24
2025-05-19,2025-05-19 06:00,PDH,3208.7,3243.9,Asian,6,True,35.0,4.0,442.0,12.63
2025-05-20,2025-05-20 10:00,PDL,3209.1,3209.4,Pre-London,10,True,172.0,798.0,17.0,0.1
2025-05-20,2025-05-20 20:00,PDH,3252.9,3254.1,New York,20,True,163.0,177.0,360.0,2.21
2025-05-21,2025-05-21 01:00,PDH,3288.9,3291.2,Asian,1,True,77.0,77.0,336.0,4.36
2025-05-22,2025-05-22 03:00,PDH,3322.5,3327.2,Asian,3,True,59.0,447.0,243.0,4.12
2025-05-22,2025-05-22 22:00,PDL,3278.2,3277.8,New York,22,False,260.0,260.0,0.0,0.0
2025-05-23,2025-05-23 19:00,PDH,3346.8,3350.6,London,19,True,223.0,223.0,189.0,0.85
2025-05-24,2025-05-24 01:00,PDH,3365.7,3366.5,Asian,1,True,85.0,98.0,8.0,0.09
2025-05-26,2025-05-26 06:00,PDL,3355.9,3339.4,Asian,6,True,1.0,1.0,330.0,330.0
2025-05-27,2025-05-27 13:00,PDL,3322.9,3315.0,Pre-London,13,True,92.0,92.0,399.0,4.34
2025-05-29,2025-05-29 00:00,PDL,3289.9,3286.1,Asian,0,True,76.0,573.0,475.0,6.25
2025-05-29,2025-05-29 18:00,PDH,3324.5,3325.2,London,18,True,444.0,444.0,227.0,0.51
2025-05-30,2025-05-30 00:00,PDH,3347.2,3356.3,Asian,0,True,29.0,524.0,91.0,3.14
2025-06-02,2025-06-02 06:00,PDH,3320.2,3338.7,Asian,6,True,8.0,8.0,840.0,105.0
2025-06-03,2025-06-03 00:00,PDH,3404.2,3404.7,Asian,0,True,99.0,470.0,136.0,1.37
2025-06-05,2025-06-05 17:00,PDH,3409.7,3415.3,London,17,True,122.0,474.0,180.0,1.48
2025-06-05,2025-06-05 23:00,PDL,3366.9,3362.3,New York,23,True,295.0,295.0,46.0,0.16
2025-06-06,2025-06-06 00:00,PDL,3362.3,3362.8,Asian,0,True,360.0,360.0,238.0,0.66
2025-06-07,2025-06-07 02:00,PDL,3338.5,3336.1,Asian,2,True,79.0,79.0,97.0,1.23
2025-06-09,2025-06-09 06:00,PDL,3328.8,3329.0,Asian,6,True,122.0,247.0,157.0,1.29
2025-06-10,2025-06-10 00:00,PDH,3353.5,3358.7,Asian,0,True,50.0,322.0,169.0,3.38
2025-06-11,2025-06-11 20:00,PDH,3370.4,3382.3,New York,20,True,226.0,229.0,119.0,0.53
2025-06-12,2025-06-12 06:00,PDH,3382.3,3390.3,Asian,6,True,60.0,238.0,375.0,6.25
2025-06-13,2025-06-13 08:00,PDH,3419.8,3442.0,Pre-London,8,True,74.0,74.0,482.0,6.51
2025-06-16,2025-06-16 06:00,PDH,3459.6,3476.3,Asian,6,True,156.0,587.0,167.0,1.07
2025-06-16,2025-06-16 13:00,PDL,3439.2,3436.7,Pre-London,13,True,105.0,105.0,383.0,3.65
2025-06-17,2025-06-17 11:00,PDL,3400.9,3391.3,Pre-London,11,True,108.0,181.0,165.0,1.53
2025-06-19,2025-06-19 03:00,PDL,3388.8,3380.5,Asian,3,True,87.0,164.0,252.0,2.9
2025-06-20,2025-06-20 11:00,PDL,3363.6,3361.1,Pre-London,11,True,92.0,272.0,74.0,0.8
2025-06-23,2025-06-23 06:00,PDH,3389.7,3413.8,Asian,6,True,29.0,283.0,241.0,8.31
2025-06-23,2025-06-23 08:00,PDL,3380.2,3373.0,Pre-London,8,True,91.0,257.0,188.0,2.07
2025-06-24,2025-06-24 07:00,PDL,3361.4,3355.5,Asian,7,True,110.0,115.0,531.0,4.83
2025-06-26,2025-06-26 07:00,PDH,3351.3,3354.2,Asian,7,True,53.0,288.0,126.0,2.38
2025-06-26,2025-06-26 21:00,PDL,3325.1,3322.5,New York,21,True,167.0,167.0,26.0,0.16
2025-06-27,2025-06-27 10:00,PDL,3322.5,3320.7,Pre-London,10,True,104.0,104.0,560.0,5.38
2025-06-30,2025-06-30 06:00,PDL,3280.0,3250.5,Asian,6,True,139.0,279.0,295.0,2.12
2025-06-30,2025-06-30 10:00,PDH,3295.0,3294.8,Pre-London,10,True,100.0,100.0,129.0,1.29
2025-07-01,2025-07-01 00:00,PDH,3307.9,3309.6,Asian,0,True,67.0,67.0,626.0,9.34
2025-07-03,2025-07-03 01:00,PDH,3361.9,3361.8,Asian,1,True,37.0,295.0,150.0,4.05
2025-07-03,2025-07-03 21:30,PDL,3337.2,3332.4,New York,21,True,113.0,113.0,48.0,0.42
2025-07-07,2025-07-07 06:00,PDH,3347.0,3352.9,Asian,6,True,48.0,426.0,59.0,1.23
2025-07-07,2025-07-07 06:00,PDL,3342.6,3342.2,Asian,6,True,103.0,103.0,382.0,3.71
2025-07-08,2025-07-08 06:00,PDH,3352.9,3355.6,Asian,6,True,48.0,575.0,27.0,0.56
2025-07-08,2025-07-08 22:00,PDL,3304.4,3303.1,New York,22,True,210.0,210.0,90.0,0.43
2025-07-09,2025-07-09 10:00,PDL,3295.4,3293.3,Pre-London,10,True,164.0,263.0,52.0,0.32
2025-07-10,2025-07-10 00:00,PDH,3321.7,3322.2,Asian,0,True,52.0,54.0,177.0,3.4
2025-07-11,2025-07-11 08:00,PDH,3339.4,3347.2,Pre-London,8,True,59.0,59.0,422.0,7.15
2025-07-14,2025-07-14 12:00,PDH,3375.4,3376.0,Pre-London,12,True,61.0,269.0,110.0,1.8
2025-07-14,2025-07-14 20:00,PDL,3363.1,3357.8,New York,20,True,136.0,136.0,146.0,1.07
2025-07-15,2025-07-15 21:00,PDL,3348.5,3341.5,New York,21,True,121.0,121.0,160.0,1.32
2025-07-16,2025-07-16 00:00,PDL,3332.5,3327.3,Asian,0,True,52.0,533.0,64.0,1.23
2025-07-16,2025-07-16 23:00,PDH,3375.4,3385.8,New York,23,True,326.0,326.0,104.0,0.32
2025-07-17,2025-07-17 20:00,PDL,3326.1,3314.3,New York,20,True,78.0,178.0,118.0,1.51
2025-07-18,2025-07-18 19:00,PDH,3364.6,3364.3,London,19,True,79.0,79.0,34.0,0.43
2025-07-21,2025-07-21 06:00,PDL,3353.3,3351.0,Asian,6,True,13.0,636.0,23.0,1.77
2025-07-21,2025-07-21 09:00,PDH,3363.9,3365.2,Pre-London,9,True,59.0,68.0,530.0,8.98
2025-07-22,2025-07-22 20:00,PDH,3416.9,3419.8,New York,20,True,162.0,162.0,296.0,1.83
2025-07-23,2025-07-23 00:00,PDH,3446.5,3447.5,Asian,0,True,62.0,402.0,52.0,0.84
2025-07-24,2025-07-24 00:00,PDL,3406.3,3390.6,Asian,0,True,2.0,2.0,511.0,255.5
2025-07-25,2025-07-25 15:00,PDL,3355.2,3354.6,London,15,True,71.0,71.0,297.0,4.18
2025-07-28,2025-07-28 11:00,PDH,3341.2,3343.0,Pre-London,11,True,67.0,412.0,42.0,0.63
2025-07-28,2025-07-28 20:00,PDL,3326.5,3325.0,New York,20,True,116.0,116.0,265.0,2.28
2025-07-30,2025-07-30 15:00,PDH,3332.3,3386.4,London,15,True,95.0,109.0,570.0,6.0
2025-08-01,2025-08-01 20:00,PDH,3366.7,3398.6,New York,20,True,173.0,173.0,419.0,2.42
2025-08-02,2025-08-02 03:00,PDH,3408.6,3414.5,Asian,3,True,85.0,85.0,83.0,0.98
2025-08-04,2025-08-04 06:00,PDH,3416.9,3417.8,Asian,6,True,171.0,190.0,226.0,1.32
2025-08-05,2025-08-05 22:00,PDH,3439.5,3440.9,New York,22,True,145.0,145.0,52.0,0.36
2025-08-06,2025-08-06 00:00,PDH,3444.7,3444.9,Asian,0,False,330.0,330.0,0.0,0.0
2025-08-07,2025-08-07 08:00,PDH,3444.9,3445.0,Pre-London,8,True,123.0,123.0,254.0,2.07
2025-08-08,2025-08-08 04:00,PDH,3470.3,3483.8,Asian,4,True,48.0,48.0,638.0,13.29
2025-08-09,2025-08-09 02:00,PDL,3450.8,3445.0,Asian,2,True,173.0,405.0,58.0,0.34
2025-08-11,2025-08-11 08:00,PDL,3445.0,3443.1,Pre-London,8,True,106.0,106.0,477.0,4.5
2025-08-12,2025-08-12 04:00,PDL,3397.3,3393.0,Asian,4,True,54.0,135.0,182.0,3.37
2025-08-13,2025-08-13 16:00,PDH,3411.0,3413.3,London,16,True,95.0,95.0,116.0,1.22
2025-08-14,2025-08-14 08:00,PDH,3422.6,3423.8,Pre-London,8,True,106.0,408.0,12.0,0.11
2025-08-14,2025-08-14 15:00,PDL,3392.7,3392.1,London,15,True,223.0,223.0,109.0,0.49
2025-08-15,2025-08-15 00:00,PDL,3381.8,3375.5,Asian,0,True,73.0,130.0,63.0,0.86
2025-08-18,2025-08-18 06:00,PDL,3379.8,3377.4,Asian,6,True,47.0,238.0,118.0,2.51
2025-08-18,2025-08-18 09:00,PDH,3388.4,3392.9,Pre-London,9,True,36.0,113.0,152.0,4.22
2025-08-19,2025-08-19 22:00,PDL,3368.0,3364.4,New York,22,True,133.0,133.0,36.0,0.27
2025-08-20,2025-08-20 00:00,PDL,3364.4,3360.7,Asian,0,True,40.0,299.0,110.0,2.75
2025-08-20,2025-08-20 21:00,PDH,3389.7,3392.0,New York,21,True,74.0,74.0,46.0,0.62
2025-08-21,2025-08-21 06:00,PDH,3394.3,3394.4,Asian,6,False,269.0,269.0,0.0,0.0
2025-08-22,2025-08-22 14:00,PDL,3367.4,3367.2,Pre-London,14,True,104.0,560.0,46.0,0.44
2025-08-22,2025-08-22 22:00,PDH,3394.4,3422.3,New York,22,True,183.0,183.0,290.0,1.58
2025-08-25,2025-08-25 06:00,PDL,3412.3,3411.7,Asian,6,True,62.0,92.0,68.0,1.1
2025-08-25,2025-08-25 23:00,PDH,3420.8,3421.5,New York,23,True,44.0,44.0,7.0,0.16
2025-08-26,2025-08-26 07:00,PDL,3405.5,3396.5,Asian,7,True,27.0,320.0,94.0,3.48
2025-08-26,2025-08-26 08:00,PDH,3421.5,3434.7,Pre-London,8,True,254.0,254.0,160.0,0.63
2025-08-27,2025-08-27 03:00,PDH,3437.5,3439.1,Asian,3,True,40.0,153.0,68.0,1.7
2025-08-28,2025-08-28 00:00,PDH,3444.3,3450.9,Asian,0,True,67.0,67.0,267.0,3.99
2025-08-29,2025-08-29 00:00,PDH,3471.0,3476.1,Asian,0,True,54.0,80.0,443.0,8.2
2025-08-30,2025-08-30 00:00,PDH,3515.3,3518.0,Asian,0,True,69.0,69.0,32.0,0.46
2025-09-02,2025-09-02 12:00,PDH,3518.5,3568.0,Pre-London,12,True,435.0,190.0,678.0,1.56
2025-09-03,2025-09-03 00:00,PDH,3586.3,3594.0,Asian,0,True,37.0,37.0,452.0,12.22
2025-09-04,2025-09-04 00:00,PDH,3631.5,3636.0,Asian,0,True,47.0,578.0,86.0,1.83
2025-09-04,2025-09-04 11:00,PDL,3582.6,3573.7,Pre-London,11,True,80.0,352.0,89.0,1.11
2025-09-05,2025-09-05 20:00,PDH,3640.1,3644.9,New York,20,True,358.0,358.0,141.0,0.39
2025-09-06,2025-09-06 00:00,PDH,3654.2,3655.5,Asian,0,True,79.0,152.0,13.0,0.16
2025-09-08,2025-09-08 06:00,PDL,3639.0,3623.0,Asian,6,True,143.0,467.0,173.0,1.21
2025-09-08,2025-09-08 16:00,PDH,3655.5,3657.5,London,16,True,78.0,78.0,302.0,3.87
2025-09-09,2025-09-09 09:00,PDH,3685.7,3688.6,Pre-London,9,True,90.0,204.0,295.0,3.28
2025-09-10,2025-09-10 04:00,PDL,3665.3,3663.7,Asian,4,True,60.0,322.0,139.0,2.32
2025-09-11,2025-09-11 17:00,PDL,3651.4,3651.8,London,17,False,306.0,306.0,0.0,0.0
2025-09-12,2025-09-12 10:00,PDH,3689.6,3690.1,Pre-London,10,True,62.0,143.0,59.0,0.95
2025-09-15,2025-09-15 06:00,PDL,3679.3,3677.2,Asian,6,True,71.0,429.0,165.0,2.32
2025-09-15,2025-09-15 21:00,PDH,3689.5,3701.7,New York,21,True,55.0,55.0,327.0,5.95
2025-09-16,2025-09-16 00:00,PDH,3722.2,3724.9,Asian,0,True,86.0,104.0,177.0,2.06
2025-09-17,2025-09-17 10:00,PDL,3711.8,3710.7,Pre-London,10,True,91.0,109.0,164.0,1.8
2025-09-18,2025-09-18 02:00,PDH,3732.8,3744.0,Asian,2,True,533.0,723.0,112.0,0.21
2025-09-18,2025-09-18 02:00,PDL,3695.4,3679.5,Asian,2,True,486.0,486.0,349.0,0.72
2025-09-20,2025-09-20 01:00,PDH,3709.5,3713.9,Asian,1,True,73.0,73.0,101.0,1.38
2025-09-22,2025-09-22 06:00,PDH,3719.6,3727.4,Asian,6,True,138.0,138.0,507.0,3.67
2025-09-23,2025-09-23 00:00,PDH,3770.3,3773.7,Asian,0,True,11.0,11.0,543.0,49.36
2025-09-25,2025-09-25 00:00,PDL,3772.6,3764.5,Asian,0,True,58.0,197.0,229.0,3.95
2025-09-26,2025-09-26 21:00,PDH,3792.3,3797.2,New York,21,True,111.0,111.0,221.0,1.99
2025-09-29,2025-09-29 08:00,PDH,3813.3,3816.4,Pre-London,8,True,204.0,204.0,489.0,2.4
2025-09-30,2025-09-30 00:00,PDH,3862.2,3862.2,Asian,0,True,113.0,416.0,370.0,3.27
2025-10-01,2025-10-01 10:00,PDH,3899.2,3904.1,Pre-London,10,True,137.0,189.0,235.0,1.72
2025-10-02,2025-10-02 21:00,PDH,3922.7,3923.3,New York,21,True,246.0,799.0,6.0,0.02
2025-10-02,2025-10-02 22:00,PDL,3865.7,3849.1,New York,22,True,358.0,358.0,229.0,0.64
2025-10-06,2025-10-06 06:00,PDH,3914.8,3930.3,Asian,6,True,59.0,59.0,734.0,12.44
2025-10-07,2025-10-07 00:00,PDH,3988.2,3994.5,Asian,0,True,187.0,248.0,264.0,1.41
2025-10-08,2025-10-08 07:00,PDH,4014.6,4018.0,Asian,7,True,36.0,79.0,578.0,16.06
2025-10-09,2025-10-09 00:00,PDH,4072.4,4081.0,Asian,0,True,70.0,543.0,86.0,1.23
2025-10-10,2025-10-10 00:00,PDL,4018.1,3976.9,Asian,0,True,198.0,205.0,602.0,3.04
2025-10-11,2025-10-11 04:00,PDH,4038.6,4038.5,Asian,4,False,382.0,382.0,0.0,0.0
2025-10-13,2025-10-13 06:00,PDH,4038.5,4061.8,Asian,6,True,381.0,381.0,890.0,2.34
2025-10-14,2025-10-14 00:00,PDH,4127.5,4137.2,Asian,0,True,40.0,225.0,634.0,15.85
2025-10-15,2025-10-15 09:00,PDH,4190.9,4205.8,Pre-London,9,True,109.0,109.0,449.0,4.12
2025-10-16,2025-10-16 08:00,PDH,4235.8,4241.5,Pre-London,8,True,174.0,194.0,569.0,3.27
2025-10-17,2025-10-17 00:00,PDH,4292.7,4308.2,Asian,0,True,170.0,667.0,993.0,5.84
2025-10-18,2025-10-18 00:00,PDL,4226.0,4211.6,Asian,0,True,330.0,420.0,300.0,0.91
2025-10-20,2025-10-20 06:00,PDH,4268.0,4289.9,Asian,6,True,547.0,547.0,1043.0,1.91
2025-10-21,2025-10-21 02:00,PDH,4372.3,4382.3,Asian,2,True,102.0,2793.0,257.0,2.52
2025-10-21,2025-10-21 21:00,PDL,4213.3,4179.1,New York,21,True,256.0,256.0,1203.0,4.7
2025-10-22,2025-10-22 08:00,PDL,4093.0,4021.2,Pre-London,8,True,146.0,820.0,718.0,4.92
2025-10-27,2025-10-27 06:00,PDL,4111.0,4074.2,Asian,6,True,268.0,268.0,1251.0,4.67
2025-10-28,2025-10-28 12:00,PDL,3985.9,3978.0,Pre-London,12,True,223.0,223.0,846.0,3.79
2025-10-29,2025-10-29 17:00,PDH,4034.2,4042.7,London,17,True,82.0,308.0,120.0,1.46
2025-10-30,2025-10-30 06:00,PDL,3930.0,3925.1,Asian,6,True,305.0,983.0,49.0,0.16
2025-10-31,2025-10-31 01:00,PDH,4028.3,4031.5,Asian,1,True,206.0,264.0,316.0,1.53
2025-11-01,2025-11-01 00:00,PDL,4001.9,3982.3,Asian,0,True,256.0,256.0,196.0,0.77
2025-11-03,2025-11-03 08:00,PDL,3982.3,3971.3,Pre-London,8,True,160.0,608.0,110.0,0.69
2025-11-03,2025-11-03 13:00,PDH,4027.5,4029.2,Pre-London,13,True,205.0,242.0,156.0,0.76
2025-11-04,2025-11-04 22:00,PDL,3971.3,3937.1,New York,22,True,160.0,160.0,342.0,2.14
2025-11-05,2025-11-05 08:00,PDL,3937.1,3935.7,Pre-London,8,True,144.0,599.0,14.0,0.1
2025-11-06,2025-11-06 00:00,PDH,3997.0,4000.7,Asian,0,True,132.0,238.0,317.0,2.4
2025-11-07,2025-11-07 01:00,PDL,3973.2,3973.2,Asian,1,False,494.0,494.0,0.0,0.0
2025-11-08,2025-11-08 00:00,PDH,4022.6,4035.8,Asian,0,True,256.0,256.0,132.0,0.52
2025-11-10,2025-11-10 09:00,PDH,4035.8,4062.0,Pre-London,9,True,90.0,90.0,792.0,8.8
2025-11-11,2025-11-11 02:00,PDH,4115.0,4123.9,Asian,2,True,56.0,122.0,400.0,7.14
2025-11-12,2025-11-12 23:00,PDH,4155.0,4192.3,New York,23,True,143.0,143.0,373.0,2.61
2025-11-13,2025-11-13 00:00,PDH,4192.3,4204.6,Asian,0,True,58.0,91.0,577.0,9.95
2025-11-14,2025-11-14 02:00,PDL,4183.2,4148.5,Asian,2,True,246.0,319.0,1506.0,6.12
2025-11-17,2025-11-17 11:00,PDL,4077.5,4070.5,Pre-London,11,True,94.0,196.0,264.0,2.81
2025-11-18,2025-11-18 03:00,PDL,4051.1,4010.1,Asian,3,True,154.0,312.0,537.0,3.49
2025-11-19,2025-11-19 03:00,PDH,4082.5,4083.3,Asian,3,True,93.0,264.0,518.0,5.57
2025-11-20,2025-11-20 10:00,PDL,4040.1,4034.0,Pre-London,10,True,415.0,668.0,61.0,0.15
2025-11-21,2025-11-21 14:00,PDL,4034.0,4026.0,Pre-London,14,True,294.0,489.0,159.0,0.54
2025-11-22,2025-11-22 00:00,PDH,4089.4,4100.6,Asian,0,True,276.0,372.0,116.0,0.42
2025-11-24,2025-11-24 09:00,PDL,4052.2,4038.9,Pre-London,9,True,184.0,404.0,158.0,0.86
2025-11-25,2025-11-25 00:00,PDH,4092.6,4097.4,Asian,0,True,49.0,61.0,930.0,18.98
2025-11-26,2025-11-26 01:00,PDH,4185.6,4194.0,Asian,1,True,538.0,612.0,234.0,0.43
2025-11-28,2025-11-28 22:30,PDH,4206.6,4246.6,New York,22,True,183.0,215.0,400.0,2.19
2025-11-29,2025-11-29 00:30,PDH,4246.6,4246.2,Asian,0,True,459.0,459.0,51.0,0.11
2025-12-01,2025-12-01 07:00,PDH,4251.7,4261.0,Asian,7,True,368.0,368.0,479.0,1.3
2025-12-02,2025-12-02 09:00,PDL,4214.9,4199.7,Pre-London,9,True,451.0,473.0,334.0,0.74
2025-12-03,2025-12-03 00:00,PDL,4181.5,4167.0,Asian,0,True,395.0,918.0,145.0,0.37
2025-12-05,2025-12-05 14:00,PDH,4256.9,4259.5,Pre-London,14,True,80.0,114.0,336.0,4.2
2025-12-06,2025-12-06 05:00,PDL,4202.0,4194.5,Asian,5,True,297.0,297.0,75.0,0.25
2025-12-10,2025-12-10 00:00,PDH,4246.0,4251.7,Asian,0,True,67.0,307.0,57.0,0.85
2025-12-11,2025-12-11 03:00,PDL,4215.3,4207.8,Asian,3,True,337.0,759.0,75.0,0.22
2025-12-11,2025-12-11 04:00,PDH,4251.7,4268.8,Asian,4,True,113.0,205.0,395.0,3.5
2025-12-12,2025-12-12 00:00,PDH,4291.2,4309.4,Asian,0,True,123.0,123.0,966.0,7.85
2025-12-15,2025-12-15 07:00,PDH,4336.1,4339.3,Asian,7,True,35.0,43.0,482.0,13.77
2025-12-16,2025-12-16 00:00,PDL,4331.8,4315.9,Asian,0,True,187.0,361.0,344.0,1.84
2025-12-17,2025-12-17 13:00,PDH,4367.9,4373.6,Pre-London,13,True,104.0,322.0,157.0,1.51
2025-12-19,2025-12-19 00:00,PDH,4379.4,4409.5,Asian,0,True,98.0,431.0,301.0,3.07
2025-12-19,2025-12-19 09:00,PDL,4338.0,4336.3,Pre-London,9,True,194.0,445.0,17.0,0.09
2025-12-22,2025-12-22 08:00,PDH,4389.0,4397.1,Pre-London,8,True,38.0,38.0,821.0,21.61
2025-12-23,2025-12-23 00:00,PDH,4471.1,4477.7,Asian,0,True,76.0,134.0,597.0,7.86
2025-12-24,2025-12-24 07:00,PDH,4530.8,4540.6,Asian,7,True,186.0,565.0,243.0,1.31
2025-12-26,2025-12-26 13:00,PDH,4513.4,4544.6,Pre-London,13,True,223.0,178.0,677.0,3.04
2025-12-27,2025-12-27 00:00,PDH,4581.1,4584.0,Asian,0,True,162.0,377.0,29.0,0.18
2025-12-29,2025-12-29 08:00,PDL,4543.4,4490.3,Pre-London,8,True,85.0,85.0,2274.0,26.75
2025-12-31,2025-12-31 13:00,PDL,4332.8,4284.3,Pre-London,13,True,215.0,350.0,485.0,2.26
2026-01-02,2026-01-02 13:00,PDH,4353.4,4395.0,Pre-London,13,True,301.0,120.0,614.0,2.04
2026-01-03,2026-01-03 00:00,PDL,4341.4,4325.3,Asian,0,True,72.0,72.0,217.0,3.01
2026-01-05,2026-01-05 07:00,PDH,4348.6,4385.4,Asian,7,True,147.0,147.0,1190.0,8.1
2026-01-06,2026-01-06 07:00,PDH,4467.6,4471.6,Asian,7,True,206.0,297.0,342.0,1.66
2026-01-07,2026-01-07 01:00,PDH,4501.8,4501.6,Asian,1,True,96.0,689.0,106.0,1.1
2026-01-07,2026-01-07 21:00,PDL,4437.9,4436.6,New York,21,True,251.0,262.0,50.0,0.2
2026-01-08,2026-01-08 13:00,PDL,4432.9,4423.6,Pre-London,13,True,81.0,328.0,179.0,2.21
2026-01-09,2026-01-09 04:00,PDH,4478.4,4487.7,Asian,4,True,181.0,181.0,486.0,2.69
2026-01-12,2026-01-12 07:00,PDH,4523.8,4555.0,Asian,7,True,76.0,76.0,1144.0,15.05
2026-01-13,2026-01-13 00:00,PDH,4638.2,4640.5,Asian,0,True,202.0,554.0,58.0,0.29
2026-01-14,2026-01-14 04:00,PDL,4582.8,4576.7,Asian,4,True,228.0,673.0,61.0,0.27
2026-01-14,2026-01-14 13:00,PDH,4644.0,4647.6,Pre-London,13,True,193.0,381.0,61.0,0.32
2026-01-15,2026-01-15 03:00,PDH,4650.1,4650.5,Asian,3,False,661.0,661.0,0.0,0.0
2026-01-16,2026-01-16 23:00,PDL,4584.0,4539.1,New York,23,True,406.0,406.0,449.0,1.11
2026-01-20,2026-01-20 13:00,PDH,4672.3,4722.8,Pre-London,13,True,277.0,277.0,843.0,3.04
2026-01-21,2026-01-21 00:00,PDH,4756.6,4762.0,Asian,0,True,232.0,232.0,1345.0,5.8
2026-01-23,2026-01-23 00:00,PDH,4876.8,4888.1,Asian,0,True,67.0,67.0,932.0,13.91
2026-01-24,2026-01-24 00:00,PDH,4970.0,4989.9,Asian,0,True,100.0,105.0,214.0,2.14
2026-01-26,2026-01-26 07:00,PDH,4991.4,5039.4,Asian,7,True,195.0,195.0,1165.0,5.97
2026-01-27,2026-01-27 03:00,PDL,5010.9,5002.7,Asian,3,True,546.0,864.0,273.0,0.5
2026-01-28,2026-01-28 04:00,PDH,5103.0,5184.2,Asian,4,True,68.0,68.0,2420.0,35.59
2026-01-29,2026-01-29 02:00,PDH,5345.0,5360.6,Asian,2,True,439.0,2190.0,2818.0,6.42
2026-01-30,2026-01-30 16:00,PDL,5126.0,5075.1,London,16,True,828.0,828.0,1633.0,1.97
2026-02-03,2026-02-03 02:00,PDL,4962.7,4665.8,Asian,2,True,2794.0,150.0,3092.0,1.11
2026-02-04,2026-02-04 00:00,PDH,4977.7,5018.1,Asian,0,True,256.0,772.0,1362.0,5.32
2026-02-05,2026-02-05 00:00,PDL,4900.5,4867.7,Asian,0,True,636.0,1445.0,955.0,1.5
2026-02-06,2026-02-06 05:00,PDL,4805.0,4779.6,Asian,5,True,435.0,1838.0,1350.0,3.1
2026-02-07,2026-02-07 01:00,PDH,4988.8,4992.9,Asian,1,True,166.0,284.0,68.0,0.41
2026-02-09,2026-02-09 07:00,PDH,4995.6,5069.0,Asian,7,True,43.0,63.0,888.0,20.65
2026-02-10,2026-02-10 00:00,PDH,5084.4,5106.8,Asian,0,True,46.0,734.0,267.0,5.8
2026-02-11,2026-02-11 18:00,PDH,5111.1,5128.8,London,18,True,251.0,748.0,334.0,1.33
2026-02-13,2026-02-13 00:00,PDL,5061.3,4900.0,Asian,0,True,303.0,303.0,1613.0,5.32
2026-02-16,2026-02-16 11:00,PDL,4997.4,4986.0,Pre-London,11,True,221.0,221.0,114.0,0.52
2026-02-17,2026-02-17 13:00,PDL,4986.0,4875.2,Pre-London,13,True,137.0,137.0,1318.0,9.62
2026-02-18,2026-02-18 21:00,PDH,4972.3,4989.8,New York,21,True,94.0,94.0,573.0,6.1
2026-02-19,2026-02-19 00:00,PDH,5029.6,5031.9,Asian,0,True,181.0,581.0,132.0,0.73
2026-02-20,2026-02-20 14:00,PDH,5042.8,5048.9,Pre-London,14,True,131.0,373.0,417.0,3.18
2026-02-21,2026-02-21 00:00,PDH,5084.5,5089.8,Asian,0,True,263.0,263.0,465.0,1.77
2026-02-23,2026-02-23 07:00,PDH,5131.0,5194.2,Asian,7,True,260.0,118.0,952.0,3.66
2026-02-24,2026-02-24 00:00,PDH,5226.2,5240.9,Asian,0,True,302.0,1167.0,432.0,1.43
2026-02-24,2026-02-24 21:00,PDL,5142.8,5126.9,New York,21,True,373.0,373.0,333.0,0.89
2026-02-26,2026-02-26 00:00,PDH,5230.0,5233.6,Asian,0,True,209.0,852.0,73.0,0.35
2026-02-27,2026-02-27 21:00,PDH,5237.3,5259.3,New York,21,True,338.0,338.0,277.0,0.82
2026-02-28,2026-02-28 00:00,PDH,5265.0,5276.6,Asian,0,True,244.0,276.0,340.0,1.39
2026-03-02,2026-03-02 07:00,PDH,5299.0,5409.7,Asian,7,True,553.0,163.0,1351.0,2.44
2026-03-03,2026-03-03 00:00,PDL,5315.3,5272.9,Asian,0,True,140.0,789.0,3103.0,22.16
2026-03-05,2026-03-05 23:00,PDL,5075.1,5065.5,New York,23,True,534.0,534.0,96.0,0.18
2026-03-06,2026-03-06 00:00,PDL,5065.5,5062.4,Asian,0,True,480.0,1165.0,66.0,0.14
2026-03-07,2026-03-07 03:00,PDH,5182.0,5183.8,Asian,3,True,168.0,245.0,30.0,0.18
2026-03-09,2026-03-09 06:00,PDL,5136.0,5113.5,Asian,6,True,440.0,440.0,1148.0,2.61
2026-03-10,2026-03-10 09:00,PDH,5180.0,5195.2,Pre-London,9,True,460.0,460.0,687.0,1.49
2026-03-12,2026-03-12 06:00,PDL,5155.9,5135.0,Asian,6,True,339.0,419.0,413.0,1.22
2026-03-13,2026-03-13 01:00,PDL,5114.6,5109.0,Asian,1,True,219.0,219.0,824.0,3.76
2026-03-14,2026-03-14 00:00,PDL,5032.2,5022.8,Asian,0,True,248.0,359.0,181.0,0.73
2026-03-16,2026-03-16 06:00,PDL,5014.1,5003.0,Asian,6,True,158.0,304.0,440.0,2.78
2026-03-17,2026-03-17 12:00,PDH,5044.5,5046.7,Pre-London,12,True,144.0,675.0,49.0,0.34
2026-03-18,2026-03-18 18:00,PDL,4977.0,4962.6,London,18,True,194.0,194.0,1399.0,7.21
2026-03-19,2026-03-19 04:00,PDL,4837.1,4809.3,Asian,4,True,150.0,316.0,3321.0,22.14
2026-03-21,2026-03-21 02:00,PDL,4542.1,4478.4,Asian,2,True,384.0,384.0,637.0,1.66
2026-03-23,2026-03-23 07:00,PDL,4478.4,4453.2,Asian,7,True,328.0,381.0,3784.0,11.54
2026-03-25,2026-03-25 04:00,PDH,4469.5,4485.6,Asian,4,True,718.0,718.0,1315.0,1.83
2026-03-27,2026-03-27 00:00,PDL,4409.3,4362.8,Asian,0,True,296.0,1760.0,611.0,2.06
2026-03-27,2026-03-27 23:00,PDH,4566.6,4585.3,New York,23,True,350.0,350.0,187.0,0.53
2026-03-30,2026-03-30 06:00,PDL,4515.0,4506.3,Asian,6,True,239.0,964.0,703.0,2.94
2026-03-30,2026-03-30 14:00,PDH,4563.8,4579.2,Pre-London,14,True,181.0,218.0,476.0,2.63
2026-03-31,2026-03-31 09:00,PDH,4611.4,4649.5,Pre-London,9,True,505.0,525.0,506.0,1.0
